{"train_loss": [0.9734726711114248, 0.6076331100861232, 0.5218364004294077, 0.4746950634320577, 0.4446364227930705, 0.4064162701368332, 0.38555728634198505, 0.3725132143497467, 0.3516501454512278, 0.33316316962242126, 0.32816504140694935, 0.3109915552536647, 0.29665223300457, 0.2919070354104042, 0.2828552250067393, 0.27637292166550953, 0.2752502571543058, 0.2670930580298106, 0.26189932763576507, 0.25239975402752557, 0.25761999120314916, 0.2570395886898041, 0.23743014643589655, 0.2354691637555758, 0.23541641543308894, 0.23819671243429183, 0.24557388484477996, 0.23162633091211318, 0.2315336161851883, 0.23163268913825352, 0.22308985928694408, 0.23434154232343038, 0.21891583661238354, 0.21555032471815744, 0.2169138381878535, 0.20180993298689523, 0.20673311998446783, 0.20108345836400987, 0.19812782794237138, 0.20083725760380428, 0.198661323984464, 0.19599424292643866, 0.19819619884093603, 0.19274446725845337, 0.19410859078168868, 0.19076822171608607, 0.19052306681871414, 0.17994289070367814, 0.18152505884567896, 0.18974463939666747], "val_loss": [1.2713748315970104, 1.1572087903817494, 1.1042292912801106, 1.0885603527228038, 1.1840459108352661, 1.1531490286191304, 1.1447922190030415, 1.1962009370326996, 1.196588009595871, 1.3381184538205464, 1.2448737124602, 1.2981313367684681, 1.3123348156611125, 1.2466765344142914, 1.3003190954526265, 1.4624064067999523, 1.3078627189000447, 1.2508994738260906, 1.3559216062227886, 1.2976402342319489, 1.3899466594060261, 1.3410377899805705, 1.3180437485376995, 1.3004056215286255, 1.3593603571256, 1.3305756549040477, 1.3340510527292888, 1.4163580536842346, 1.374783307313919, 1.3680485486984253, 1.3680855731169383, 1.3245074152946472, 1.3296785950660706, 1.4444236954053242, 1.4434568881988525, 1.3597458004951477, 1.4595730304718018, 1.494073470433553, 1.4300663669904072, 1.4173680146535237, 1.445145587126414, 1.41700545946757, 1.4134260813395183, 1.5515296657880147, 1.408614158630371, 1.615634063879649, 1.372507284084956, 1.3774777154127757, 1.454371174176534, 1.429986337820689], "epoch_list": [1, 2, 3, 4, 5, 6, 7, 8, 9, 10, 11, 12, 13, 14, 15, 16, 17, 18, 19, 20, 21, 22, 23, 24, 25, 26, 27, 28, 29, 30, 31, 32, 33, 34, 35, 36, 37, 38, 39, 40, 41, 42, 43, 44, 45, 46, 47, 48, 49, 50]}